var_p	var_s	variation	string	resp1	resp2	log_odds	gcm
2	0.3	cselekszenek/cselekednek	bejz	13	14	-0.06899287148695143	0.11051846526720202
2	0.3	cselekszenek/cselekednek	bötőrz	16	11	0.3483066942682158	0.10007425233707738
2	0.3	cselekszenek/cselekednek	brálaml	16	10	0.4353180712578455	0.10904541195782583
2	0.3	cselekszenek/cselekednek	braṉl	17	12	0.32542240043462795	0.11495095879063245
2	0.3	cselekszenek/cselekednek	brárl	14	12	0.14310084364067324	0.11481447701904472
2	0.3	cselekszenek/cselekednek	bratárz	5	21	-1.2992829841302609	0.0980101938466479
2	0.3	cselekszenek/cselekednek	bregz	17	10	0.49247648509779424	0.1071264303795847
2	0.3	cselekszenek/cselekednek	brešl	14	13	0.06899287148695142	0.11367922168454433
2	0.3	cselekszenek/cselekednek	bribašl	11	16	-0.3483066942682157	0.1073137332729509
2	0.3	cselekszenek/cselekednek	bribéks	13	16	-0.1941560144409575	0.10544463496159166
2	0.3	cselekszenek/cselekednek	brilegz	15	11	0.28768207245178085	0.10285989363827348
2	0.3	cselekszenek/cselekednek	brivágl	11	15	-0.2876820724517809	0.1081914090017842
2	0.3	cselekszenek/cselekednek	brivakl	12	15	-0.2076393647782445	0.10914279226760823
2	0.3	cselekszenek/cselekednek	briveps	19	7	0.9162907318741552	0.10575532451811136
2	0.3	cselekszenek/cselekednek	brözl	14	13	0.06899287148695142	0.11177176120265012
2	0.3	cselekszenek/cselekednek	brűkl	14	12	0.14310084364067324	0.11295652066016779
2	0.3	cselekszenek/cselekednek	brülöšl	13	14	-0.06899287148695143	0.10481986998897674
2	0.3	cselekszenek/cselekednek	brürz	12	14	-0.1431008436406733	0.10456365788332275
2	0.3	cselekszenek/cselekednek	brüsl	12	15	-0.2076393647782445	0.11357311001486131
2	0.3	cselekszenek/cselekednek	bügz	18	9	0.6418538861723947	0.10959284924941727
2	0.3	cselekszenek/cselekednek	čibagz	8	19	-0.7985076962177716	0.1044357783937884
2	0.3	cselekszenek/cselekednek	čubz	20	9	0.7419373447293773	0.10948355658360609
2	0.3	cselekszenek/cselekednek	dabz	13	16	-0.1941560144409575	0.1093306043002388
2	0.3	cselekszenek/cselekednek	dáraks	15	14	0.06453852113757116	0.11163255033810236
2	0.3	cselekszenek/cselekednek	dibágl	16	13	0.1941560144409574	0.11326275912857774
2	0.3	cselekszenek/cselekednek	dilakl	11	18	-0.4595323293784402	0.11341762403393035
2	0.3	cselekszenek/cselekednek	diráṉl	13	14	-0.06899287148695143	0.11372281341134867
2	0.3	cselekszenek/cselekednek	dirl	13	13	0	0.11819461239409114
2	0.3	cselekszenek/cselekednek	döjl	17	9	0.5877866649021191	0.11822099131964348
2	0.3	cselekszenek/cselekednek	dralágz	16	10	0.4353180712578455	0.10243907884356908
2	0.3	cselekszenek/cselekednek	drilarz	10	16	-0.4353180712578455	0.10250408510981283
2	0.3	cselekszenek/cselekednek	drivegz	10	16	-0.4353180712578455	0.1012500246641088
2	0.3	cselekszenek/cselekednek	drojz	17	12	0.32542240043462795	0.10596600792208308
2	0.3	cselekszenek/cselekednek	drűrz	11	16	-0.3483066942682157	0.10486035901821368
2	0.3	cselekszenek/cselekednek	dujz	16	11	0.3483066942682158	0.10990408295130888
2	0.3	cselekszenek/cselekednek	filáṉl	13	13	0	0.11385449894840248
2	0.3	cselekszenek/cselekednek	flátl	11	15	-0.2876820724517809	0.11621660372033181
2	0.3	cselekszenek/cselekednek	fleml	10	19	-0.5978370007556204	0.11802269647551089
2	0.3	cselekszenek/cselekednek	fleréks	17	12	0.32542240043462795	0.10944791018267133
2	0.3	cselekszenek/cselekednek	flézl	11	18	-0.4595323293784402	0.11526061741818945
2	0.3	cselekszenek/cselekednek	flivegz	11	16	-0.3483066942682157	0.10213234257080114
2	0.3	cselekszenek/cselekednek	flodl	12	17	-0.325422400434628	0.11425971343119128
2	0.3	cselekszenek/cselekednek	flökl	12	14	-0.1431008436406733	0.1145232723848529
2	0.3	cselekszenek/cselekednek	flubokl	10	19	-0.5978370007556204	0.109079592664486
2	0.3	cselekszenek/cselekednek	flugoṉl	13	13	0	0.10829647402788065
2	0.3	cselekszenek/cselekednek	flűgz	17	12	0.32542240043462795	0.10703706697167657
2	0.3	cselekszenek/cselekednek	flürökl	16	13	0.1941560144409574	0.10934935354814107
2	0.3	cselekszenek/cselekednek	föks	18	9	0.6418538861723947	0.11641031580365328
2	0.3	cselekszenek/cselekednek	frakl	15	12	0.20763936477824457	0.11569555880964304
2	0.3	cselekszenek/cselekednek	frálaps	16	10	0.4353180712578455	0.10903151496593655
2	0.3	cselekszenek/cselekednek	frálašl	18	11	0.4595323293784402	0.10861093121438743
2	0.3	cselekszenek/cselekednek	frélegz	19	8	0.7985076962177716	0.10365742219738497
2	0.3	cselekszenek/cselekednek	fréšl	19	10	0.5978370007556204	0.11413092239088085
2	0.3	cselekszenek/cselekednek	frihegl	14	13	0.06899287148695142	0.11187452390555734
2	0.3	cselekszenek/cselekednek	friṉl	13	14	-0.06899287148695143	0.11510783233801272
2	0.3	cselekszenek/cselekednek	frirz	11	16	-0.3483066942682157	0.10580009230178726
2	0.3	cselekszenek/cselekednek	frivaml	20	9	0.7419373447293773	0.11042336596120893
2	0.3	cselekszenek/cselekednek	fröjl	17	12	0.32542240043462795	0.1147416983224444
2	0.3	cselekszenek/cselekednek	fröjz	8	21	-0.8938178760220964	0.10565158610217636
2	0.3	cselekszenek/cselekednek	frorl	17	10	0.49247648509779424	0.11638576553853446
2	0.3	cselekszenek/cselekednek	galárz	10	17	-0.49247648509779407	0.10340204124914902
2	0.3	cselekszenek/cselekednek	gatágl	8	19	-0.7985076962177716	0.11237804136184099
2	0.3	cselekszenek/cselekednek	géregl	9	18	-0.6418538861723948	0.11434898840972188
2	0.3	cselekszenek/cselekednek	gibeml	16	10	0.4353180712578455	0.11335146205977585
2	0.3	cselekszenek/cselekednek	gihaml	17	12	0.32542240043462795	0.11387892332488977
2	0.3	cselekszenek/cselekednek	gihejl	17	10	0.49247648509779424	0.11367602632376053
2	0.3	cselekszenek/cselekednek	ḏihegz	12	17	-0.325422400434628	0.10605781160835596
2	0.3	cselekszenek/cselekednek	ḏiveps	15	12	0.20763936477824457	0.11070031789012921
2	0.3	cselekszenek/cselekednek	háks	15	14	0.06453852113757116	0.1174581079063175
2	0.3	cselekszenek/cselekednek	hiragz	15	12	0.20763936477824457	0.10701565939706525
2	0.3	cselekszenek/cselekednek	huboṉl	10	19	-0.5978370007556204	0.11289408138686295
2	0.3	cselekszenek/cselekednek	játl	19	10	0.5978370007556204	0.11813728811108172
2	0.3	cselekszenek/cselekednek	jurl	14	13	0.06899287148695142	0.11805702074925833
2	0.3	cselekszenek/cselekednek	klárags	15	11	0.28768207245178085	0.10786096643123304
2	0.3	cselekszenek/cselekednek	klarágz	7	19	-0.916290731874155	0.09992342290810947
2	0.3	cselekszenek/cselekednek	klégl	16	10	0.4353180712578455	0.11471490579051882
2	0.3	cselekszenek/cselekednek	klehéṉl	17	12	0.32542240043462795	0.10795314179123648
2	0.3	cselekszenek/cselekednek	klihašl	12	15	-0.2076393647782445	0.10789473671647135
2	0.3	cselekszenek/cselekednek	klűml	11	18	-0.4595323293784402	0.11341062620231282
2	0.3	cselekszenek/cselekednek	kluzl	12	17	-0.325422400434628	0.11277999723565937
2	0.3	cselekszenek/cselekednek	kösl	11	16	-0.3483066942682157	0.11623847974828755
2	0.3	cselekszenek/cselekednek	kűdl	19	8	0.7985076962177716	0.11466009982898574
2	0.3	cselekszenek/cselekednek	küšl	18	9	0.6418538861723947	0.11594691648159261
2	0.3	cselekszenek/cselekednek	lájz	16	10	0.4353180712578455	0.11072670097495405
2	0.3	cselekszenek/cselekednek	lírl	14	15	-0.06453852113757118	0.11878619273276116
2	0.3	cselekszenek/cselekednek	livéṉl	18	11	0.4595323293784402	0.11226725788461343
2	0.3	cselekszenek/cselekednek	lűkl	11	15	-0.2876820724517809	0.11818514970502322
2	0.3	cselekszenek/cselekednek	luml	11	15	-0.2876820724517809	0.11984047784350534
2	0.3	cselekszenek/cselekednek	mágaml	17	9	0.5877866649021191	0.11214822261594841
2	0.3	cselekszenek/cselekednek	metégs	15	14	0.06453852113757116	0.11137640933356587
2	0.3	cselekszenek/cselekednek	mihágz	9	20	-0.7419373447293773	0.10489467017270278
2	0.3	cselekszenek/cselekednek	míjz	16	13	0.1941560144409574	0.10941722198790195
2	0.3	cselekszenek/cselekednek	míšl	16	11	0.3483066942682158	0.11702631129505062
2	0.3	cselekszenek/cselekednek	mols	21	8	0.8938178760220965	0.1155358910726508
2	0.3	cselekszenek/cselekednek	mülőrz	15	11	0.28768207245178085	0.10165618911060931
2	0.3	cselekszenek/cselekednek	nágaps	15	11	0.28768207245178085	0.10916787375053487
2	0.3	cselekszenek/cselekednek	nivárz	7	19	-0.916290731874155	0.10293330134608306
2	0.3	cselekszenek/cselekednek	nurokl	20	9	0.7419373447293773	0.11258897386491393
2	0.3	cselekszenek/cselekednek	ṉádl	18	11	0.4595323293784402	0.1186037503989747
2	0.3	cselekszenek/cselekednek	ṉivágz	20	7	0.965080896043587	0.1043639248619358
2	0.3	cselekszenek/cselekednek	ṉizl	18	9	0.6418538861723947	0.11644437551846647
2	0.3	cselekszenek/cselekednek	ṉöbz	14	15	-0.06453852113757118	0.10882783701150853
2	0.3	cselekszenek/cselekednek	ṉülökl	16	11	0.3483066942682158	0.11167813283156479
2	0.3	cselekszenek/cselekednek	ṉürz	14	15	-0.06453852113757118	0.10956521621664297
2	0.3	cselekszenek/cselekednek	pehégs	16	10	0.4353180712578455	0.11233545536052399
2	0.3	cselekszenek/cselekednek	peks	19	8	0.7985076962177716	0.1173848518387003
2	0.3	cselekszenek/cselekednek	pibegz	8	18	-0.7472144018302211	0.10515251035261085
2	0.3	cselekszenek/cselekednek	pilégs	18	9	0.6418538861723947	0.11219603486160079
2	0.3	cselekszenek/cselekednek	plibz	10	17	-0.49247648509779407	0.10450580793918259
2	0.3	cselekszenek/cselekednek	pörz	11	16	-0.3483066942682157	0.10908541281890644
2	0.3	cselekszenek/cselekednek	pošl	20	9	0.7419373447293773	0.11825114007491543
2	0.3	cselekszenek/cselekednek	pragáṉl	13	13	0	0.10847405898468239
2	0.3	cselekszenek/cselekednek	prazl	13	16	-0.1941560144409575	0.1141176377324101
2	0.3	cselekszenek/cselekednek	préleml	15	12	0.20763936477824457	0.10963012122096917
2	0.3	cselekszenek/cselekednek	prihegs	13	16	-0.1941560144409575	0.10859639267276672
2	0.3	cselekszenek/cselekednek	prileps	21	8	0.8938178760220965	0.10877551815875228
2	0.3	cselekszenek/cselekednek	privéks	14	13	0.06899287148695142	0.10639627848771072
2	0.3	cselekszenek/cselekednek	prögz	9	18	-0.6418538861723948	0.10559087203043852
2	0.3	cselekszenek/cselekednek	prugorz	8	19	-0.7985076962177716	0.09918171836712962
2	0.3	cselekszenek/cselekednek	püzl	13	14	-0.06899287148695143	0.11692771914695706
2	0.3	cselekszenek/cselekednek	ribegs	11	15	-0.2876820724517809	0.11162706424384662
2	0.3	cselekszenek/cselekednek	riváṉl	14	13	0.06899287148695142	0.11167495663730771
2	0.3	cselekszenek/cselekednek	špalárz	12	14	-0.1431008436406733	0.10201857264834101
2	0.3	cselekszenek/cselekednek	špibaml	17	9	0.5877866649021191	0.10967397205746623
2	0.3	cselekszenek/cselekednek	špibegl	19	10	0.5978370007556204	0.11047956218591751
2	0.3	cselekszenek/cselekednek	špiharz	10	19	-0.5978370007556204	0.10147639200770336
2	0.3	cselekszenek/cselekednek	špirágl	11	15	-0.2876820724517809	0.11065173031506345
2	0.3	cselekszenek/cselekednek	špivejl	11	16	-0.3483066942682157	0.10941755031208
2	0.3	cselekszenek/cselekednek	špökl	19	10	0.5978370007556204	0.11249707147735043
2	0.3	cselekszenek/cselekednek	špoṉl	20	9	0.7419373447293773	0.11503155925165638
2	0.3	cselekszenek/cselekednek	šprebz	16	13	0.1941560144409574	0.10358191444615791
2	0.3	cselekszenek/cselekednek	šprigz	5	24	-1.4271163556401458	0.1029493777597301
2	0.3	cselekszenek/cselekednek	špriml	15	12	0.20763936477824457	0.11164270342897545
2	0.3	cselekszenek/cselekednek	šprozl	14	12	0.14310084364067324	0.10823613370068776
2	0.3	cselekszenek/cselekednek	šprudl	12	15	-0.2076393647782445	0.1099523356447605
2	0.3	cselekszenek/cselekednek	šprűrl	16	13	0.1941560144409574	0.11094660499330347
2	0.3	cselekszenek/cselekednek	špuborz	10	16	-0.4353180712578455	0.0985134120806036
2	0.3	cselekszenek/cselekednek	špügz	18	11	0.4595323293784402	0.1056381899447257
2	0.3	cselekszenek/cselekednek	šűjl	17	9	0.5877866649021191	0.11854607591211698
2	0.3	cselekszenek/cselekednek	strajl	17	10	0.49247648509779424	0.1129629731137842
2	0.3	cselekszenek/cselekednek	stredl	15	11	0.28768207245178085	0.11027229461265278
2	0.3	cselekszenek/cselekednek	stritl	14	12	0.14310084364067324	0.11028785249820774
2	0.3	cselekszenek/cselekednek	tágarz	13	14	-0.06899287148695143	0.10200138530395156
2	0.3	cselekszenek/cselekednek	tibarz	13	13	0	0.10269841063956514
2	0.3	cselekszenek/cselekednek	tögl	23	6	1.2321436812926323	0.11741110348005177
2	0.3	cselekszenek/cselekednek	trálakl	13	13	0	0.10931682110121578
2	0.3	cselekszenek/cselekednek	tráls	19	7	0.9162907318741552	0.11346401537393312
2	0.3	cselekszenek/cselekednek	tribejl	10	19	-0.5978370007556204	0.10864728713772805
2	0.3	cselekszenek/cselekednek	trlik	17	9	0.5877866649021191	0.1065693217632298
2	0.3	cselekszenek/cselekednek	trileks	14	12	0.14310084364067324	0.11015058923618794
2	0.3	cselekszenek/cselekednek	trírz	14	15	-0.06453852113757118	0.10468394704064918
2	0.3	cselekszenek/cselekednek	trivaks	13	13	0	0.10695953475763244
2	0.3	cselekszenek/cselekednek	trugokl	14	12	0.14310084364067324	0.107973695981185
2	0.3	cselekszenek/cselekednek	trugz	11	18	-0.4595323293784402	0.10609913978877196
2	0.3	cselekszenek/cselekednek	truks	14	13	0.06899287148695142	0.11180232785570118
2	0.3	cselekszenek/cselekednek	trűṉl	13	13	0	0.11330169446600682
2	0.3	cselekszenek/cselekednek	tűgz	14	12	0.14310084364067324	0.10887777890018838
2	0.3	cselekszenek/cselekednek	vehéks	18	8	0.7472144018302211	0.11191541801331498
2	0.3	cselekszenek/cselekednek	vihaps	17	10	0.49247648509779424	0.11114748224332134
2	0.3	cselekszenek/cselekednek	vilešl	13	13	0	0.11266394139036959
2	0.3	cselekszenek/cselekednek	virz	13	13	0	0.10982370940810508
2	0.3	cselekszenek/cselekednek	vobz	11	15	-0.2876820724517809	0.10995070777722205
2	0.7	hotelban/hotelben	bidem	1	25	-2.5649493574615367	0.5020875261872395
2	0.7	hotelban/hotelben	bingéj	5	24	-1.4271163556401458	0.5323526668010262
2	0.7	hotelban/hotelben	brágéd	14	15	-0.06453852113757118	0.5223504982019023
2	0.7	hotelban/hotelben	bralkép	6	21	-1.1451323043030026	0.5137881266723963
2	0.7	hotelban/hotelben	brasenc	8	18	-0.7472144018302211	0.4875806401411072
2	0.7	hotelban/hotelben	brigest	1	26	-2.6026896854443837	0.4705567165972701
2	0.7	hotelban/hotelben	brindez	1	25	-2.5649493574615367	0.48370633303079585
2	0.7	hotelban/hotelben	briškéd	3	23	-1.791759469228055	0.510747684575088
2	0.7	hotelban/hotelben	bródes	6	20	-1.0986122886681098	0.5036711446046745
2	0.7	hotelban/hotelben	broteš	13	13	0	0.4914773952374443
2	0.7	hotelban/hotelben	brukés	12	14	-0.1431008436406733	0.5248737459089022
2	0.7	hotelban/hotelben	buhéṉ	21	6	1.1451323043030026	0.5569248374214166
2	0.7	hotelban/hotelben	bupéz	15	11	0.28768207245178085	0.5494832035053364
2	0.7	hotelban/hotelben	čáḏelt	9	20	-0.7419373447293773	0.4779326652794863
2	0.7	hotelban/hotelben	čartéṉ	16	11	0.3483066942682158	0.537277905582897
2	0.7	hotelban/hotelben	čimen	1	28	-2.6741486494265287	0.5066840998429656
2	0.7	hotelban/hotelben	činték	4	25	-1.6486586255873816	0.5335222395086464
2	0.7	hotelban/hotelben	čodeg	10	16	-0.4353180712578455	0.4945494430525499
2	0.7	hotelban/hotelben	čubléṉ	17	10	0.49247648509779424	0.5224120489598079
2	0.7	hotelban/hotelben	dábeḏ	4	23	-1.5686159179138452	0.49407151515045583
2	0.7	hotelban/hotelben	dajrenš	4	23	-1.5686159179138452	0.48767779487882784
2	0.7	hotelban/hotelben	dalenc	9	17	-0.587786664902119	0.4992076918593623
2	0.7	hotelban/hotelben	danét	19	7	0.9162907318741552	0.553507801203464
2	0.7	hotelban/hotelben	darhén	24	3	1.8325814637483104	0.5397627672634293
2	0.7	hotelban/hotelben	dibez	2	24	-2.120263536200091	0.5012884864434559
2	0.7	hotelban/hotelben	dihej	1	28	-2.6741486494265287	0.51081020118145
2	0.7	hotelban/hotelben	dinelt	3	26	-1.9095425048844383	0.47796254434550456
2	0.7	hotelban/hotelben	dingec	3	26	-1.9095425048844383	0.48858239875727694
2	0.7	hotelban/hotelben	dóbem	6	23	-1.2321436812926323	0.49530019944056614
2	0.7	hotelban/hotelben	dorzéj	12	14	-0.1431008436406733	0.5212273630822581
2	0.7	hotelban/hotelben	dunkés	15	12	0.20763936477824457	0.5218412877745442
2	0.7	hotelban/hotelben	dutec	6	21	-1.1451323043030026	0.5099737974503634
2	0.7	hotelban/hotelben	fádenš	6	21	-1.1451323043030026	0.48150284459234666
2	0.7	hotelban/hotelben	fáḏép	13	14	-0.06899287148695143	0.54448649614393
2	0.7	hotelban/hotelben	fájéz	19	10	0.5978370007556204	0.5482454375578936
2	0.7	hotelban/hotelben	fincek	4	22	-1.5260563034950494	0.5048991107082434
2	0.7	hotelban/hotelben	fizend	1	25	-2.5649493574615367	0.4954640070915557
2	0.7	hotelban/hotelben	fojleḏ	1	28	-2.6741486494265287	0.4821239709821212
2	0.7	hotelban/hotelben	forzéd	13	16	-0.1941560144409575	0.5227332805750488
2	0.7	hotelban/hotelben	fupét	12	17	-0.325422400434628	0.5480039766207424
2	0.7	hotelban/hotelben	gábéd	20	7	0.965080896043587	0.5439195932759787
2	0.7	hotelban/hotelben	garcép	14	15	-0.06453852113757118	0.5417311563248771
2	0.7	hotelban/hotelben	gicéj	1	25	-2.5649493574615367	0.5608045123180869
2	0.7	hotelban/hotelben	gihest	2	27	-2.2335922215070942	0.4953743046838408
2	0.7	hotelban/hotelben	gonsék	9	18	-0.6418538861723948	0.5221968346228086
2	0.7	hotelban/hotelben	gótem	5	21	-1.2992829841302609	0.5054967284457704
2	0.7	hotelban/hotelben	gúden	2	27	-2.2335922215070942	0.5075085746577301
2	0.7	hotelban/hotelben	háḏét	13	13	0	0.5422265784072885
2	0.7	hotelban/hotelben	hijeḏ	3	24	-1.8325814637483104	0.5086721146500207
2	0.7	hotelban/hotelben	hivép	4	23	-1.5686159179138452	0.5471384676834078
2	0.7	hotelban/hotelben	hóbenš	5	22	-1.3437347467010947	0.48247527978422344
2	0.7	hotelban/hotelben	hošét	14	13	0.06899287148695142	0.5422517042125037
2	0.7	hotelban/hotelben	humék	13	13	0	0.5574781235767009
2	0.7	hotelban/hotelben	iksert	0	29	-3.4011973816621555	0.4902686347453888
2	0.7	hotelban/hotelben	incéj	2	25	-2.159484249353372	0.556802350236639
2	0.7	hotelban/hotelben	ítenš	4	25	-1.6486586255873816	0.4979870732518415
2	0.7	hotelban/hotelben	jábéz	16	13	0.1941560144409574	0.5416824464660698
2	0.7	hotelban/hotelben	jalréṉ	13	14	-0.06899287148695143	0.5379524128942619
2	0.7	hotelban/hotelben	jóbec	8	21	-0.8938178760220964	0.5059882275868152
2	0.7	hotelban/hotelben	jorzég	10	17	-0.49247648509779407	0.5210760004448036
2	0.7	hotelban/hotelben	júder	10	19	-0.5978370007556204	0.5061700530901716
2	0.7	hotelban/hotelben	jukél	12	15	-0.2076393647782445	0.5437041934414858
2	0.7	hotelban/hotelben	jurdent	7	19	-0.916290731874155	0.4672450827966502
2	0.7	hotelban/hotelben	jutéj	19	8	0.7985076962177716	0.5608312280749849
2	0.7	hotelban/hotelben	kábes	11	15	-0.2876820724517809	0.5091115286402126
2	0.7	hotelban/hotelben	kadér	19	8	0.7985076962177716	0.5695555393060976
2	0.7	hotelban/hotelben	kalhés	13	14	-0.06899287148695143	0.5556217755852619
2	0.7	hotelban/hotelben	kalréz	16	13	0.1941560144409574	0.5450882571174874
2	0.7	hotelban/hotelben	kasép	11	16	-0.3483066942682157	0.564473148987068
2	0.7	hotelban/hotelben	kátéd	19	10	0.5978370007556204	0.5478282419980472
2	0.7	hotelban/hotelben	kátel	4	22	-1.5260563034950494	0.5065902873852228
2	0.7	hotelban/hotelben	klajrén	17	12	0.32542240043462795	0.5383063160076508
2	0.7	hotelban/hotelben	klazér	16	13	0.1941560144409574	0.5567499792231327
2	0.7	hotelban/hotelben	klinges	3	26	-1.9095425048844383	0.4977156511233783
2	0.7	hotelban/hotelben	kliser	3	24	-1.8325814637483104	0.5045825593759833
2	0.7	hotelban/hotelben	klíteḏ	4	25	-1.6486586255873816	0.5085717784377995
2	0.7	hotelban/hotelben	klordéṉ	14	13	0.06899287148695142	0.5233895037177527
2	0.7	hotelban/hotelben	klošét	18	8	0.7472144018302211	0.5421311329726267
2	0.7	hotelban/hotelben	kluhéj	19	10	0.5978370007556204	0.55234595138301
2	0.7	hotelban/hotelben	liceḏ	2	24	-2.120263536200091	0.5107247787584293
2	0.7	hotelban/hotelben	lihéṉ	2	25	-2.159484249353372	0.5541515055420158
2	0.7	hotelban/hotelben	lijez	2	27	-2.2335922215070942	0.5104483505720713
2	0.7	hotelban/hotelben	lingék	3	26	-1.9095425048844383	0.5295532817903117
2	0.7	hotelban/hotelben	lišmév	3	23	-1.791759469228055	0.5285806147847097
2	0.7	hotelban/hotelben	lorzenš	5	22	-1.3437347467010947	0.45799882460702707
2	0.7	hotelban/hotelben	luméz	14	13	0.06899287148695142	0.5540619490067821
2	0.7	hotelban/hotelben	mádép	18	9	0.6418538861723947	0.5426139725197654
2	0.7	hotelban/hotelben	matéz	18	9	0.6418538861723947	0.5648737871764193
2	0.7	hotelban/hotelben	monveg	4	23	-1.5686159179138452	0.48138360471957903
2	0.7	hotelban/hotelben	murdeš	9	17	-0.587786664902119	0.4943458014558068
2	0.7	hotelban/hotelben	narem	9	18	-0.6418538861723948	0.5134643267496106
2	0.7	hotelban/hotelben	navec	12	17	-0.325422400434628	0.5249868457521052
2	0.7	hotelban/hotelben	nidét	3	26	-1.9095425048844383	0.5490634700803704
2	0.7	hotelban/hotelben	nuhét	12	15	-0.2076393647782445	0.552700380477326
2	0.7	hotelban/hotelben	ṉábét	16	13	0.1941560144409574	0.5398165315067327
2	0.7	hotelban/hotelben	ṉamet	10	19	-0.5978370007556204	0.5177289267364008
2	0.7	hotelban/hotelben	ṉarcéj	13	13	0	0.5467659638317919
2	0.7	hotelban/hotelben	ṉítem	1	25	-2.5649493574615367	0.5032683059035983
2	0.7	hotelban/hotelben	ṉupér	13	13	0	0.5465293733349774
2	0.7	hotelban/hotelben	pazév	13	13	0	0.5572537359628222
2	0.7	hotelban/hotelben	pijél	2	24	-2.120263536200091	0.547219333785145
2	0.7	hotelban/hotelben	pišéj	3	24	-1.8325814637483104	0.5542865019825837
2	0.7	hotelban/hotelben	pítend	3	26	-1.9095425048844383	0.4837999780948915
2	0.7	hotelban/hotelben	pivéd	7	20	-0.9650808960435872	0.5463044896508124
2	0.7	hotelban/hotelben	pratej	6	23	-1.2321436812926323	0.5035473262426894
2	0.7	hotelban/hotelben	prištél	2	24	-2.120263536200091	0.5071303662012097
2	0.7	hotelban/hotelben	prisec	1	26	-2.6026896854443837	0.48661140646351375
2	0.7	hotelban/hotelben	priskenc	2	25	-2.159484249353372	0.4525525393671406
2	0.7	hotelban/hotelben	rapsek	6	23	-1.2321436812926323	0.5055237929437594
2	0.7	hotelban/hotelben	ronsek	6	20	-1.0986122886681098	0.47565772071902895
2	0.7	hotelban/hotelben	ronvet	5	24	-1.4271163556401458	0.46772078543791856
2	0.7	hotelban/hotelben	šartej	9	17	-0.587786664902119	0.5185515373729056
2	0.7	hotelban/hotelben	šihen	1	26	-2.6026896854443837	0.5099930990250743
2	0.7	hotelban/hotelben	šortem	5	24	-1.4271163556401458	0.4779675407751258
2	0.7	hotelban/hotelben	špábét	21	6	1.1451323043030026	0.5245259244900491
2	0.7	hotelban/hotelben	španél	17	9	0.5877866649021191	0.5451695417876703
2	0.7	hotelban/hotelben	špatel	4	22	-1.5260563034950494	0.5147085824919916
2	0.7	hotelban/hotelben	špáten	9	20	-0.7419373447293773	0.4951966111653535
2	0.7	hotelban/hotelben	špicet	2	25	-2.159484249353372	0.49620701455924593
2	0.7	hotelban/hotelben	špivél	5	24	-1.4271163556401458	0.5342405841639748
2	0.7	hotelban/hotelben	špizec	3	26	-1.9095425048844383	0.5028454898283742
2	0.7	hotelban/hotelben	šporzem	4	25	-1.6486586255873816	0.46926084643315474
2	0.7	hotelban/hotelben	šprivenc	3	23	-1.791759469228055	0.4692787919729213
2	0.7	hotelban/hotelben	šprízem	3	26	-1.9095425048844383	0.4826457343902538
2	0.7	hotelban/hotelben	špuméṉ	9	17	-0.587786664902119	0.5365770689383104
2	0.7	hotelban/hotelben	šurneḏ	9	17	-0.587786664902119	0.49578267543829485
2	0.7	hotelban/hotelben	sanéj	15	14	0.06453852113757116	0.5694909207637895
2	0.7	hotelban/hotelben	sibed	2	25	-2.159484249353372	0.5052778812493253
2	0.7	hotelban/hotelben	sihét	2	24	-2.120263536200091	0.554178476330549
2	0.7	hotelban/hotelben	sutend	7	19	-0.916290731874155	0.4969495465547812
2	0.7	hotelban/hotelben	tarhéz	21	6	1.1451323043030026	0.5342231115331095
2	0.7	hotelban/hotelben	tivenc	4	23	-1.5686159179138452	0.48090723747104724
2	0.7	hotelban/hotelben	tošéj	22	7	1.0560526742493137	0.5431872731366946
2	0.7	hotelban/hotelben	trájeg	5	21	-1.2992829841302609	0.4881811393034176
2	0.7	hotelban/hotelben	tranék	17	12	0.32542240043462795	0.5310962351247291
2	0.7	hotelban/hotelben	tránéj	21	6	1.1451323043030026	0.5205748706926361
2	0.7	hotelban/hotelben	trapseḏ	4	22	-1.5260563034950494	0.48829919230127106
2	0.7	hotelban/hotelben	trigenc	1	28	-2.6741486494265287	0.4680113856747593
2	0.7	hotelban/hotelben	trikép	3	23	-1.791759469228055	0.5112357104595174
2	0.7	hotelban/hotelben	trinčeg	3	23	-1.791759469228055	0.47449552384570975
2	0.7	hotelban/hotelben	trišmél	3	23	-1.791759469228055	0.5055200840955644
2	0.7	hotelban/hotelben	trodéj	22	5	1.3437347467010947	0.525542130359097
2	0.7	hotelban/hotelben	tuméj	10	19	-0.5978370007556204	0.5541722285133497
2	0.7	hotelban/hotelben	višmer	0	27	-3.332204510175204	0.4986170789605283
2	0.7	hotelban/hotelben	vodec	6	20	-1.0986122886681098	0.49450806456383306
2	0.7	hotelban/hotelben	vodép	8	19	-0.7985076962177716	0.5379329293456373
2	0.7	hotelban/hotelben	vorsen	4	25	-1.6486586255873816	0.4748538391124032
2	0.7	hotelban/hotelben	vublet	6	20	-1.0986122886681098	0.4811782947367237
2	0.7	hotelban/hotelben	vurnel	5	21	-1.2992829841302609	0.48979447703385753
2	0.7	hotelban/hotelben	zábéṉ	8	18	-0.7472144018302211	0.5420978748048363
2	0.7	hotelban/hotelben	zarcég	7	22	-1.0560526742493137	0.5432456183034082
2	0.7	hotelban/hotelben	zatéj	12	14	-0.1431008436406733	0.5711025869985533
2	0.7	hotelban/hotelben	zihenc	1	28	-2.6741486494265287	0.4925740014729831
2	0.7	hotelban/hotelben	zined	1	25	-2.5649493574615367	0.5038407130948486
2	0.7	hotelban/hotelben	zopéj	16	11	0.3483066942682158	0.5431513659778722
2	0.7	hotelban/hotelben	žáder	11	15	-0.2876820724517809	0.4968229807045896
2	0.7	hotelban/hotelben	žádév	14	12	0.14310084364067324	0.5408657081332157
2	0.7	hotelban/hotelben	žalrén	13	14	-0.06899287148695143	0.536766970808089
2	0.7	hotelban/hotelben	žigén	3	26	-1.9095425048844383	0.544766703739672
2	0.7	hotelban/hotelben	žopéd	20	7	0.965080896043587	0.5358786037454686
2	0.7	hotelban/hotelben	žúdel	6	21	-1.1451323043030026	0.5038804445152167
2	0.7	hotelban/hotelben	zuten	6	23	-1.2321436812926323	0.5132943240988769
